{"accuracy": [0.2544131577014923, 0.3812022805213928, 0.4695849120616913, 0.567628800868988, 0.651121199131012, 0.7429627776145935, 0.8006917834281921, 0.8425572514533997, 0.8857347369194031, 0.9076812863349915], "loss": [2.040191888809204, 1.7300926446914673, 1.5011461973190308, 1.2558194398880005, 1.0559916496276855, 0.7910557985305786, 0.6221283078193665, 0.4959271252155304, 0.3603445589542389, 0.2939254641532898], "val_accuracy": [0.32871973514556885, 0.4181908071041107, 0.48838359117507935, 0.5215027332305908, 0.7261492609977722, 0.7345526218414307, 0.7884330153465271, 0.8141373991966248, 0.852694034576416, 0.877409815788269], "val_loss": [1.8615949153900146, 1.6994454860687256, 1.4310054779052734, 1.3385392427444458, 0.868736982345581, 0.87334805727005, 0.6544731259346008, 0.5790444612503052, 0.47540736198425293, 0.4262970983982086]}